,count,mean,std,min,25%,50%,75%,max,mode
sepal_length,150,5.843333333,0.828066128,4.3,5.1,5.8,6.4,7.9,5
sepal_width,150,3.057333333,0.435866285,2,2.8,3,3.3,4.4,3
petal_length,150,3.758,1.765298233,1,1.6,4.35,5.1,6.9,1.4
petal_width,150,1.199333333,0.762237669,0.1,0.3,1.3,1.8,2.5,0.2
target,150,1,0.819231921,0,0,1,2,2,0
